{
    "model_id": {
        "default": null,
        "actual": {
            "__meta": {
                "schema_version": 3,
                "schema_name": "ModelKeyV3",
                "schema_type": "Key<Model>"
            },
            "name": "GLM_grid_1_AutoML_20190421_230946_model_1",
            "type": "Key<Model>",
            "URL": "/3/Models/GLM_grid_1_AutoML_20190421_230946_model_1"
        }
    },
    "training_frame": {
        "default": null,
        "actual": {
            "__meta": {
                "schema_version": 3,
                "schema_name": "FrameKeyV3",
                "schema_type": "Key<Frame>"
            },
            "name": "automl_training_py_11_sid_ada9",
            "type": "Key<Frame>",
            "URL": "/3/Frames/automl_training_py_11_sid_ada9"
        }
    },
    "validation_frame": {
        "default": null,
        "actual": null
    },
    "nfolds": {
        "default": 0,
        "actual": 5
    },
    "seed": {
        "default": -1,
        "actual": -2431311058783440659
    },
    "keep_cross_validation_models": {
        "default": true,
        "actual": false
    },
    "keep_cross_validation_predictions": {
        "default": false,
        "actual": true
    },
    "keep_cross_validation_fold_assignment": {
        "default": false,
        "actual": false
    },
    "fold_assignment": {
        "default": "AUTO",
        "actual": "Modulo"
    },
    "fold_column": {
        "default": null,
        "actual": null
    },
    "response_column": {
        "default": null,
        "actual": {
            "__meta": {
                "schema_version": 3,
                "schema_name": "ColSpecifierV3",
                "schema_type": "VecSpecifier"
            },
            "column_name": "readmitted",
            "is_member_of_frames": null
        }
    },
    "ignored_columns": {
        "default": null,
        "actual": [
            "payer_code",
            "id",
            "admission_source_id",
            "discharge_disposition_id",
            "patient_nbr"
        ]
    },
    "ignore_const_cols": {
        "default": true,
        "actual": true
    },
    "score_each_iteration": {
        "default": false,
        "actual": false
    },
    "offset_column": {
        "default": null,
        "actual": null
    },
    "weights_column": {
        "default": null,
        "actual": null
    },
    "family": {
        "default": "gaussian",
        "actual": "binomial"
    },
    "tweedie_variance_power": {
        "default": 0.0,
        "actual": 0.0
    },
    "tweedie_link_power": {
        "default": 1.0,
        "actual": 1.0
    },
    "solver": {
        "default": "AUTO",
        "actual": "COORDINATE_DESCENT"
    },
    "alpha": {
        "default": null,
        "actual": [
            0.0,
            0.2,
            0.4,
            0.6,
            0.8,
            1.0
        ]
    },
    "lambda": {
        "default": null,
        "actual": [
            10.263111770516865,
            6.373566286017673,
            3.958092643885853,
            2.458042589429478,
            1.5264860919267096,
            0.9479737246483263,
            0.5887077434746568,
            0.3655974825205133,
            0.22704223055814277,
            0.14099707170145667,
            0.08756157028370386,
            0.0543772186048088,
            0.033769174006527285,
            0.020971229171737583,
            0.013023488607939579,
            0.008087807068062227,
            0.00502266521201696,
            0.0031191601901119042,
            0.0019370513225331965,
            0.0012029416886065705,
            0.0007470471687323235,
            0.0004639289481748969,
            0.0002881077366505432,
            0.0001789197855500197
        ]
    },
    "lambda_search": {
        "default": false,
        "actual": true
    },
    "early_stopping": {
        "default": true,
        "actual": true
    },
    "nlambdas": {
        "default": -1,
        "actual": 30
    },
    "standardize": {
        "default": true,
        "actual": true
    },
    "missing_values_handling": {
        "default": "MeanImputation",
        "actual": "MeanImputation"
    },
    "compute_p_values": {
        "default": false,
        "actual": false
    },
    "remove_collinear_columns": {
        "default": false,
        "actual": false
    },
    "intercept": {
        "default": true,
        "actual": true
    },
    "non_negative": {
        "default": false,
        "actual": false
    },
    "max_iterations": {
        "default": -1,
        "actual": 300
    },
    "objective_epsilon": {
        "default": -1.0,
        "actual": 0.0001
    },
    "beta_epsilon": {
        "default": 0.0001,
        "actual": 0.0001
    },
    "gradient_epsilon": {
        "default": -1.0,
        "actual": 1.0000000000000002e-06
    },
    "link": {
        "default": "family_default",
        "actual": "logit"
    },
    "prior": {
        "default": -1.0,
        "actual": -1.0
    },
    "lambda_min_ratio": {
        "default": -1.0,
        "actual": 1.0000000000000002e-06
    },
    "beta_constraints": {
        "default": null,
        "actual": null
    },
    "max_active_predictors": {
        "default": -1,
        "actual": 5000
    },
    "interactions": {
        "default": null,
        "actual": null
    },
    "interaction_pairs": {
        "default": null,
        "actual": null
    },
    "obj_reg": {
        "default": -1.0,
        "actual": 1.999960000799984e-05
    },
    "export_checkpoints_dir": {
        "default": null,
        "actual": null
    },
    "balance_classes": {
        "default": false,
        "actual": false
    },
    "class_sampling_factors": {
        "default": null,
        "actual": null
    },
    "max_after_balance_size": {
        "default": 5.0,
        "actual": 5.0
    },
    "max_confusion_matrix_size": {
        "default": 20,
        "actual": 20
    },
    "max_hit_ratio_k": {
        "default": 0,
        "actual": 0
    },
    "max_runtime_secs": {
        "default": 0.0,
        "actual": 5.5
    },
    "custom_metric_func": {
        "default": null,
        "actual": null
    }
}
